probe,f,T,eps_real,eps_imag
AC1,107759.981,30,43601.67416457037,27285.416107083074
AC1,121546.164,30,42481.0011937258,25508.35801618546
AC1,137096.07,30,41394.24942736872,23883.26260007406
AC1,154635.341,30,40353.942963293965,22386.338288074207
AC1,174418.483,30,39344.207529894535,21020.48594788661
AC1,196732.566,30,38375.910983044756,19750.731169335166
AC1,221901.381,30,37439.53470295417,18581.85597811232
AC1,250290.148,30,36544.6702101239,17494.036869668933
AC1,282310.809,30,35691.525696178134,16484.2502354807
AC1,318428.005,30,34871.56884024297,15544.242368729781
AC1,359165.825,30,34090.94662171625,14669.747984442269
AC1,405115.403,30,33345.254022661225,13848.498670856892
AC1,456943.503,30,32633.45996241915,13081.167372344707
AC1,515402.186,30,31960.91604071702,12361.683912517205
AC1,581339.733,30,31310.225008680387,11681.28732275908
AC1,655712.944,30,30695.606019216008,11042.319762631618
AC1,739601.029,30,30115.4373798275,10438.237372615877
AC1,834221.266,30,29572.230199432703,9869.939876190992
AC1,940946.664,30,29059.167602236357,9333.415457083966
AC1,1061325.89,30,28610.251068733352,8849.522215837798
AC1,1197105.72,30,28196.113820227794,8397.755882442978
AC1,1350256.44,30,27832.607590425447,7986.527242781952
AC1,107759.981,60,49194.08793929183,39863.882707684315
AC1,121546.164,60,47892.820863903864,36915.63942048471
AC1,137096.07,60,46623.873505668904,34252.99124042448
AC1,154635.341,60,45390.03246843764,31832.86741636094
AC1,174418.483,60,44201.08197759463,29642.763973420246
AC1,196732.566,60,43053.62936683183,27645.010471421934
AC1,221901.381,60,41931.97943553797,25828.699938581984
AC1,250290.148,60,40856.24593022053,24163.622686407805
AC1,282310.809,60,39818.19942623456,22646.257654676672
AC1,318428.005,60,38818.18709579772,21247.771090333594
AC1,359165.825,60,37850.65228508727,19965.203065940404
AC1,405115.403,60,36924.303402316495,18779.841606072674
AC1,456943.503,60,36036.47206440378,17683.674506531308
AC1,515402.186,60,35186.85544480249,16663.346031006586
AC1,581339.733,60,34369.66039528366,15711.280726753344
AC1,655712.944,60,33590.31118029954,14827.37179247638
AC1,739601.029,60,32847.843239638685,14007.09462855088
AC1,834221.266,60,32153.069737232607,13238.089139849348
AC1,940946.664,60,31492.57448625374,12529.361090384144
AC1,1061325.89,60,30903.375941928007,11880.369724520318
AC1,1197105.72,60,30354.497020530594,11287.115083177889
AC1,1350256.44,60,29854.52488794324,10754.955125453498
AC1,107759.981,90,53592.64682731946,59106.33234115283
AC1,121546.164,90,52218.99808188711,54177.909031434196
AC1,137096.07,90,50871.25900877519,49757.721381464624
AC1,154635.341,90,49536.64988432056,45801.93315831438
AC1,174418.483,90,48224.802463982116,42227.1757905273
AC1,196732.566,90,46938.28291239386,39012.976940186316
AC1,221901.381,90,45690.86838080373,36101.523976007455
AC1,250290.148,90,44472.10298259278,33470.73145092149
AC1,282310.809,90,43292.928676590884,31084.682804620643
AC1,318428.005,90,42146.3073899134,28918.56324641879
AC1,359165.825,90,41042.116981404164,26946.80688200223
AC1,405115.403,90,39976.94760784888,25146.824659021524
AC1,456943.503,90,38956.43695833139,23503.60608602805
AC1,515402.186,90,37968.20860364725,21996.39463910088
AC1,581339.733,90,37020.00951187729,20610.59237719329
AC1,655712.944,90,36112.146361821346,19333.605194972624
AC1,739601.029,90,35251.70384600725,18163.228395868387
AC1,834221.266,90,34434.298602057206,17082.85470901112
AC1,940946.664,90,33686.960813812155,16106.795852673595
AC1,1061325.89,90,32958.746359527635,15205.3909107351
AC1,1197105.72,90,32302.73627990783,14398.436117755347
AC1,1350256.44,90,31692.279063928185,13680.597936403845
AC1,107759.981,120,54672.43037105793,86836.67002075755
AC1,121546.164,120,53462.55053936578,78800.90556474062
AC1,137096.07,120,52230.61516978096,71653.97142852543
AC1,154635.341,120,50972.31409918163,65285.837121462515
AC1,174418.483,120,49714.2186197083,59601.7544026905
AC1,196732.566,120,48453.3154216042,54513.31241896467
AC1,221901.381,120,47200.519330626164,49951.73225966441
AC1,250290.148,120,45961.71302631734,45852.09955081244
AC1,282310.809,120,44749.6548917751,42164.3373473838
AC1,318428.005,120,43563.29269947154,38834.851590504724
AC1,359165.825,120,42404.54256746225,35832.048746556
AC1,405115.403,120,41284.64794705467,33110.17134068297
AC1,456943.503,120,40205.92989795651,30639.233655158238
AC1,515402.186,120,39166.37828949813,28399.97776573897
AC1,581339.733,120,38161.92407960085,26354.885259895545
AC1,655712.944,120,37209.992084493526,24488.367595780725
AC1,739601.029,120,36301.795721659524,22793.23970694202
AC1,834221.266,120,35443.52547578457,21247.509203783484
AC1,940946.664,120,34629.53783964539,19861.013628268593
AC1,1061325.89,120,33889.33913125784,18599.89665073869
AC1,1197105.72,120,33191.61602547855,17483.237471399545
AC1,1350256.44,120,32536.218249333102,16495.73271017836
AC2,107759.981,30,44333.476579441885,28869.75365450868
AC2,121546.164,30,43168.88425638913,26925.154406636506
AC2,137096.07,30,42047.8722218975,25155.471917235824
AC2,154635.341,30,40967.88610999023,23530.322377388293
AC2,174418.483,30,39923.01577394246,22040.89134765594
AC2,196732.566,30,38922.23881276186,20665.49944056992
AC2,221901.381,30,37951.35609937996,19400.21947339836
AC2,250290.148,30,37029.12467545352,18213.876364914293
AC2,282310.809,30,36139.75468125064,17117.965472496337
AC2,318428.005,30,35285.5447733792,16095.110909523833
AC2,359165.825,30,34475.06918627632,15135.097492423478
AC2,405115.403,30,33702.28004071104,14233.952430869564
AC2,456943.503,30,32972.03417879058,13383.430248728342
AC2,515402.186,30,32279.397409749206,12583.344521179171
AC2,581339.733,30,31621.36029772221,11824.394396943128
AC2,655712.944,30,31003.866178468183,11101.469813402005
AC2,739601.029,30,30431.619737435925,10420.975613696499
AC2,834221.266,30,29905.783340407583,9778.063289734022
AC2,940946.664,30,29442.875404122395,9188.051288924022
AC2,1061325.89,30,29007.254784680877,8625.054699448785
AC2,1197105.72,30,28636.154694475495,8118.907572643426
AC2,1350256.44,30,28322.220843869003,7659.506882947377
AC2,107759.981,60,48973.63866659547,41076.41704944912
AC2,121546.164,60,47630.8425488592,37982.986427963384
AC2,137096.07,60,46329.130108392405,35192.297666475635
AC2,154635.341,60,45055.01720148224,32643.805201802028
AC2,174418.483,60,43843.33023585234,30332.61475460766
AC2,196732.566,60,42673.218411539885,28221.840596017708
AC2,221901.381,60,41536.47403504858,26304.311366003793
AC2,250290.148,60,40448.83293339604,24544.734607398426
AC2,282310.809,60,39399.61901677384,22924.83361135499
AC2,318428.005,60,38393.791775590355,21431.018926570927
AC2,359165.825,60,37429.17273337923,20053.35948577705
AC2,405115.403,60,36509.460056101714,18776.213442376036
AC2,456943.503,60,35629.24204487713,17594.061765602226
AC2,515402.186,60,34795.82991043127,16488.262553691537
AC2,581339.733,60,33996.85189609081,15447.230829223186
AC2,655712.944,60,33246.47492588424,14480.28818386091
AC2,739601.029,60,32543.915248452755,13567.533443401204
AC2,834221.266,60,31894.410773069816,12715.812964917197
AC2,940946.664,60,31312.882578729488,11935.19271608818
AC2,1061325.89,60,30774.716584390946,11196.76561319315
AC2,1197105.72,60,30300.790829980833,10531.998824552213
AC2,1350256.44,60,29890.62289425752,9935.32135272919
AC2,107759.981,90,53918.51446244376,60847.604650155896
AC2,121546.164,90,52476.0032607121,55754.84248065422
AC2,137096.07,90,51049.92342562379,51177.30201908647
AC2,154635.341,90,49652.25104494167,47065.00627094394
AC2,174418.483,90,48287.7081819497,43356.60106462005
AC2,196732.566,90,46944.851693256416,40002.171723979256
AC2,221901.381,90,45656.55913493584,36967.820658606266
AC2,250290.148,90,44400.20231632002,34214.24773992103
AC2,282310.809,90,43188.1564855483,31718.144795830005
AC2,318428.005,90,42021.74752693808,29440.171654342776
AC2,359165.825,90,40896.612948448856,27362.458681317483
AC2,405115.403,90,39816.58904983806,25458.72673725258
AC2,456943.503,90,38782.357747055205,23715.14326927838
AC2,515402.186,90,37793.473096179216,22114.191161427563
AC2,581339.733,90,36848.95731077481,20632.52281434124
AC2,655712.944,90,35951.02915252675,19259.626669754194
AC2,739601.029,90,35104.684769639694,17992.318972771944
AC2,834221.266,90,34314.75126052278,16820.637300678154
AC2,940946.664,90,33578.015610710725,15736.117537952829
AC2,1061325.89,90,32929.25230458936,14752.407944049835
AC2,1197105.72,90,32329.775018885073,13857.327487253142
AC2,1350256.44,90,31797.375037806294,13061.696473632735
AC2,107759.981,120,54705.65392387967,88504.08071753645
AC2,121546.164,120,53403.06334508894,80325.54294575517
AC2,137096.07,120,52087.90115348979,73035.57832341504
AC2,154635.341,120,50755.51151123561,66525.89199810933
AC2,174418.483,120,49426.41930491344,60689.550868856786
AC2,196732.566,120,48106.54796095412,55468.37053386837
AC2,221901.381,120,46805.363030572145,50764.438356711544
AC2,250290.148,120,45531.47766000075,46531.83341502658
AC2,282310.809,120,44288.077220631654,42711.3797797692
AC2,318428.005,120,43076.95132910943,39255.3528318444
AC2,359165.825,120,41911.1093845143,36116.35448544487
AC2,405115.403,120,40790.87984651264,33268.64156723713
AC2,456943.503,120,39719.43638574117,30677.015252781184
AC2,515402.186,120,38697.58378819105,28310.494811032142
AC2,581339.733,120,37723.57825819654,26145.597009329555
AC2,655712.944,120,36808.64763129967,24163.03509942432
AC2,739601.029,120,35949.469146659554,22354.846111856434
AC2,834221.266,120,35156.877666548244,20698.699264648276
AC2,940946.664,120,34440.68092960284,19184.042344309553
AC2,1061325.89,120,33767.234876354596,17859.275490173593
AC2,1197105.72,120,33168.6276562556,16652.429526579926
AC2,1350256.44,120,32630.634248430437,15593.782745630355
U3G,107760.0,30,82462.05647458788,38129.068561011125
U3G,121546.0,30,80718.20825417624,36102.3576982462
U3G,137096.0,30,79021.39186327501,34268.61092674229
U3G,154635.0,30,77363.21737068034,32614.581903297316
U3G,174418.0,30,75752.99893052534,31120.978519095093
U3G,196733.0,30,74168.07868489609,29774.732323859123
U3G,221901.0,30,72612.2307729833,28558.909424802885
U3G,250290.0,30,71091.31076633057,27460.127177690796
U3G,282311.0,30,69596.80437345487,26475.578186603256
U3G,318428.0,30,68126.32796947616,25583.022409069985
U3G,359166.0,30,66676.45174284851,24777.327668995218
U3G,405115.0,30,65238.291979197704,24047.691377209492
U3G,456944.0,30,63828.87049555498,23381.45369628828
U3G,515402.0,30,62420.46168666898,22786.959434637392
U3G,581340.0,30,61019.88523679899,22236.895424206057
U3G,655713.0,30,59623.05254835193,21727.80666109192
U3G,739601.0,30,58238.204758878266,21258.96891733239
U3G,834221.0,30,56856.4807407687,20815.867194181636
U3G,940947.0,30,55480.4283681034,20372.56754376152
U3G,1061330.0,30,54150.39024879249,20005.259570295944
U3G,1197110.0,30,52843.63660182731,19635.718952882235
U3G,1350260.0,30,51544.10454673622,19287.77095211364
U3G,107760.0,56,88081.56501162754,52120.93812912173
U3G,121546.0,56,86066.44802181372,48827.46800866771
U3G,137096.0,56,84104.18494882235,45864.62784023026
U3G,154635.0,56,82191.84427411853,43184.845342321125
U3G,174418.0,56,80316.0902800865,40774.103028197285
U3G,196733.0,56,78465.49626365991,38606.24377763305
U3G,221901.0,56,76672.45710594139,36649.733773934255
U3G,250290.0,56,74910.61112226562,34865.82156098461
U3G,282311.0,56,73182.31895958015,33260.35981328922
U3G,318428.0,56,71488.24039543643,31802.10068311452
U3G,359166.0,56,69825.9507071426,30479.432086644432
U3G,405115.0,56,68189.79113841498,29268.727892219133
U3G,456944.0,56,66581.21394222367,28160.102705025547
U3G,515402.0,56,65000.883060654436,27156.241693966276
U3G,581340.0,56,63425.01382220531,26228.122388510536
U3G,655713.0,56,61886.97509063372,25369.221928128805
U3G,739601.0,56,60366.84582746432,24579.008609261753
U3G,834221.0,56,58869.50112930328,23842.306357959627
U3G,940947.0,56,57380.78518702739,23161.362480835076
U3G,1061330.0,56,55981.58438457938,22512.20229333393
U3G,1197110.0,56,54588.00458899858,21929.89439513791
U3G,1350260.0,56,53227.44897581866,21386.38480905357
U3G,107760.0,89,92824.83427251597,78749.39444737368
U3G,121546.0,89,90627.29916506095,72852.18260034098
U3G,137096.0,89,88441.85744371991,67562.21838521685
U3G,154635.0,89,86278.65926270135,62837.62099968391
U3G,174418.0,89,84137.32707219794,58582.93526885767
U3G,196733.0,89,82026.21127352257,54755.76453949141
U3G,221901.0,89,79953.62000687567,51319.58835930121
U3G,250290.0,89,77904.79671917357,48219.556637201335
U3G,282311.0,89,75897.9706531973,45418.7692300374
U3G,318428.0,89,73927.7010487277,42868.55096324111
U3G,359166.0,89,71993.94993716125,40555.01554418496
U3G,405115.0,89,70092.71690677467,38445.823429785974
U3G,456944.0,89,68225.13240610802,36520.327755021615
U3G,515402.0,89,66396.18385438566,34741.35036472187
U3G,581340.0,89,64593.50083893446,33102.29769281913
U3G,655713.0,89,62827.165737259355,31583.121549470496
U3G,739601.0,89,61105.71587165298,30165.32632158745
U3G,834221.0,89,59420.79194381365,28850.64861173719
U3G,940947.0,89,57771.388554086036,27596.86672894435
U3G,1061330.0,89,56217.672417442904,26472.012401533095
U3G,1197110.0,89,54708.27718954395,25399.25355063043
U3G,1350260.0,89,53246.21105342983,24407.706014059986
U3G,107760.0,120,89546.52648444894,112872.42811574283
U3G,121546.0,120,87526.84346539754,103177.6957922724
U3G,137096.0,120,85472.66527731088,94574.6547130116
U3G,154635.0,120,83396.65506863828,86875.62335194816
U3G,174418.0,120,81309.42581326293,80002.4873443995
U3G,196733.0,120,79222.27419441019,73829.34447209095
U3G,221901.0,120,77143.16469305173,68306.08756269261
U3G,250290.0,120,75079.89415463766,63328.20812398064
U3G,282311.0,120,73037.96392645464,58834.1299726515
U3G,318428.0,120,71027.56384674544,54760.2865585975
U3G,359166.0,120,69055.32787138324,51058.90697096095
U3G,405115.0,120,67126.29635051642,47691.008122355364
U3G,456944.0,120,65237.77484659004,44611.3513956351
U3G,515402.0,120,63398.53377267634,41772.47948041007
U3G,581340.0,120,61602.701341944135,39148.61413275881
U3G,655713.0,120,59859.84564382999,36718.68448976984
U3G,739601.0,120,58184.00918276815,34471.105605919176
U3G,834221.0,120,56580.32645735994,32386.613643457407
U3G,940947.0,120,55020.874477449936,30438.65783008593
U3G,1061330.0,120,53595.94504329915,28689.753347451682
U3G,1197110.0,120,52230.093345269204,27055.6863497095
U3G,1350260.0,120,50924.703516519134,25553.05959235305
